Cites,Authors,Title,Year,Source,Publisher,ArticleURL,CitesURL,GSRank,QueryDate,Type,DOI,ISSN,CitationURL,Volume,Issue,StartPage,EndPage,ECC,CitesPerYear,CitesPerAuthor,AuthorCount,Age,Abstract
406,"A Milan, L Leal-Taixé, I Reid, S Roth…",MOT16: A benchmark for multi-object tracking,2016,arXiv preprint arXiv …,arxiv.org,https://arxiv.org/abs/1603.00831,"https://scholar.google.com/scholar?cites=13920092871923211898&as_sdt=2005&sciodt=0,5&hl=en",230,2020/2/25 19:51,,,,,,,,,406,101.5,81,5,4,"… The first release of the benchmark focuses on multiple people tracking, since pedestrians are by far the most studied object in the tracking community … In the case of multiple object tracking, the CLEAR metrics [25] have emerged as one of the standard measures …"
406,"A Gaidon, Q Wang, Y Cabon, E Vig",Virtual worlds as proxy for multi-object tracking analysis,2016,Proceedings of the IEEE …,cv-foundation.org,https://www.cv-foundation.org/openaccess/content_cvpr_2016/html/Gaidon_Virtual_Worlds_as_CVPR_2016_paper.html,"https://scholar.google.com/scholar?cites=11727455440906017188&as_sdt=2005&sciodt=0,5&hl=en",376,2020/2/25 19:51,,,,,,,,,406,101.5,102,4,4,"… Note that these multiple renderings are an efficient strategy to generate pixel-level ground truth, as it effectively leverages shaders offloading parallel … We generate 2D multi-object tracking ground truth by (i) doing the perspective projection of the 3D object bound- ing boxes from …"
389,"L Leal-Taixé, A Milan, I Reid, S Roth…",Motchallenge 2015: Towards a benchmark for multi-target tracking,2015,arXiv preprint arXiv …,arxiv.org,https://arxiv.org/abs/1504.01942,"https://scholar.google.com/scholar?cites=12108223656933987805&as_sdt=2005&sciodt=0,5&hl=en",925,2020/2/25 19:51,,,,,,,,,389,77.8,78,5,5,"… This paper describes our work toward a novel multiple object tracking benchmark aimed to address such issues … In the case of multiple object tracking, the CLEAR metrics [27] have emerged as one of the standard measures …"
359,"Y Xiang, A Alahi, S Savarese",Learning to track: Online multi-object tracking by decision making,2015,Proceedings of the IEEE …,cv-foundation.org,https://www.cv-foundation.org/openaccess/content_iccv_2015/html/Xiang_Learning_to_Track_ICCV_2015_paper.html,"https://scholar.google.com/scholar?cites=5560095188110845353&as_sdt=2005&sciodt=0,5&hl=en",238,2020/2/25 19:51,,,,,,,,,359,71.8,120,3,5,… 4. Experiments Datasets. We test our tracking framework on the re- cently introduced Multiple Object Tracking Benchmark [24] for people tracking. The MOT Benchmark collects widely used video sequences in the MOT community and some new challenging sequences …
297,"C Kim, F Li, A Ciptadi, JM Rehg",Multiple hypothesis tracking revisited,2015,Proceedings of the IEEE …,cv-foundation.org,https://www.cv-foundation.org/openaccess/content_iccv_2015/html/Kim_Multiple_Hypothesis_Tracking_ICCV_2015_paper.html,"https://scholar.google.com/scholar?cites=3234376622718270378&as_sdt=2005&sciodt=0,5&hl=en",438,2020/2/25 19:51,,,,,,,,,297,59.4,74,4,5,"… paper revisits the classical multiple hypotheses tracking (MHT) algorithm in a tracking-by-detection frame- work. The success of MHT largely depends on the abil- ity to maintain a small list of potential hypotheses, which can be facilitated with the accurate object detectors that …"
239,"A Milan, SH Rezatofighi, A Dick, I Reid…",Online multi-target tracking using recurrent neural networks,2017,Thirty-First AAAI …,aaai.org,https://www.aaai.org/ocs/index.php/AAAI/AAAI17/paper/viewPaper/14184,"https://scholar.google.com/scholar?cites=9966749559021414938&as_sdt=2005&sciodt=0,5&hl=en",787,2020/2/25 19:51,,,,,,,,,239,79.67,48,5,3,… Related Work Multi-object tracking. A multitude of sophisticated mod- els have been developed in the past to capture the complex- ity of the problem at hand. Early works include the multiple hypothesis tracker (MHT) (Reid 1979) and joint probabilis- tic data association (JPDA …
236,W Choi,Near-online multi-target tracking with aggregated local flow descriptor,2015,Proceedings of the IEEE international conference …,openaccess.thecvf.com,http://openaccess.thecvf.com/content_iccv_2015/html/Choi_Near-Online_Multi-Target_Tracking_ICCV_2015_paper.html,"https://scholar.google.com/scholar?cites=3120250776569516262&as_sdt=2005&sciodt=0,5&hl=en",889,2020/2/25 19:51,,,,,,,,,236,47.2,236,1,5,"… The goal of multiple target tracking is to automatically identify objects of interest and reliably estimate the motion of targets over the time. Thanks to the recent advancement in image-based object detection methods [9, 13, 17, 34], tracking-by-detection [4, 6, 10, 25, 27] has …"
218,"T Zhang, C Xu, MH Yang",Multi-task correlation particle filter for robust object tracking,2017,Proceedings of the IEEE …,openaccess.thecvf.com,http://openaccess.thecvf.com/content_cvpr_2017/html/Zhang_Multi-Task_Correlation_Particle_CVPR_2017_paper.html,"https://scholar.google.com/scholar?cites=13534947624945305499&as_sdt=2005&sciodt=0,5&hl=en",291,2020/2/25 19:51,,,,,,,,,218,72.67,73,3,3,"… If the sampled particles do not cover target object states well as shown in Figure 2(a … ter, and complement each other: (1) Particle filters provide a probabilistic framework for tracking objects by … MCF, and we do not need to draw particles densely to maintain multiple possible states …"
207,"A Dehghan, S Modiri Assari…",Gmmcp tracker: Globally optimal generalized maximum multi clique problem for multiple object tracking,2015,Proceedings of the IEEE …,openaccess.thecvf.com,http://openaccess.thecvf.com/content_cvpr_2015/html/Dehghan_GMMCP_Tracker_Globally_2015_CVPR_paper.html,"https://scholar.google.com/scholar?cites=16887157392110437458&as_sdt=2005&sciodt=0,5&hl=en",18,2020/2/25 19:51,,,,,,,,,207,41.4,69,3,5,Data association is the backbone to many multiple object tracking (MOT) methods. In this paper we formulate data association as a Generalized Maximum Multi Clique problem (GMMCP). We show that this is the ideal case of modeling tracking in real world scenario …
207,"A Sadeghian, A Alahi…",Tracking the untrackable: Learning to track multiple cues with long-term dependencies,2017,Proceedings of the IEEE …,openaccess.thecvf.com,http://openaccess.thecvf.com/content_iccv_2017/html/Sadeghian_Tracking_the_Untrackable_ICCV_2017_paper.html,"https://scholar.google.com/scholar?cites=11696122762972714338&as_sdt=2005&sciodt=0,5&hl=en",733,2020/2/25 19:51,,,,,,,,,207,69,69,3,3,"… We report the same metric as the suggested ones in the MOT2D Benchmark challenge [39]: Track- ing Accuracy (MOTA), Multiple Object Tracking Preci- sion (MOTP), Mostly Track targets (MT), Mostly Lost tar- gets (ML), False Positives (FP), False Negatives (FN), ID Switches …"
165,"S Tang, M Andriluka, B Andres…",Multiple people tracking by lifted multicut and person re-identification,2017,Proceedings of the …,openaccess.thecvf.com,http://openaccess.thecvf.com/content_cvpr_2017/html/Tang_Multiple_People_Tracking_CVPR_2017_paper.html,"https://scholar.google.com/scholar?cites=15533250553525552602&as_sdt=2005&sciodt=0,5&hl=en",639,2020/2/25 19:51,,,,,,,,,165,55,41,4,3,"Multiple People Tracking by Lifted Multicut and Person Re-identification Siyu Tang1,2∗ Mykhaylo Andriluka1 Bjoern Andres1 Bernt Schiele1 … 1. Introduction Multiple people tracking has improved considerably in the last two years, driven also by the MOT challenges [18, 20] …"
156,"JH Yoon, MH Yang, J Lim…",Bayesian multi-object tracking using motion context from multiple objects,2015,2015 IEEE Winter …,ieeexplore.ieee.org,https://ieeexplore.ieee.org/abstract/document/7045866/,"https://scholar.google.com/scholar?cites=5400517666423869234&as_sdt=2005&sciodt=0,5&hl=en",242,2020/2/25 19:51,,,,,,,,,156,31.2,39,4,5,"Online multi-object tracking with a single moving camera is a challenging problem as the assumptions of 2D conventional motion models (eg, first or second order models) in the image coordinate no longer hold because of global camera motion. In this paper, we …"
149,"A Milan, L Leal-Taixé, K Schindler…",Joint tracking and segmentation of multiple targets,2015,Proceedings of the …,openaccess.thecvf.com,http://openaccess.thecvf.com/content_cvpr_2015/html/Milan_Joint_Tracking_and_2015_CVPR_paper.html,"https://scholar.google.com/scholar?cites=12886670154182895845&as_sdt=2005&sciodt=0,5&hl=en",533,2020/2/25 19:51,,,,,,,,,149,29.8,37,4,5,"… Early concepts for tracking multiple targets include the multi-hypothesis tracker (MHT) [45] and the joint … methods have in com- mon that they operate on a set of object detections, which … re- sponses of the DPM detector [18] and incorporate these into a “Multiple People Multiple …"
148,"RO Chavez-Garcia, O Aycard",Multiple sensor fusion and classification for moving object detection and tracking,2015,IEEE Transactions on Intelligent …,ieeexplore.ieee.org,https://ieeexplore.ieee.org/abstract/document/7283636/,"https://scholar.google.com/scholar?cites=13505541721298266426&as_sdt=2005&sciodt=0,5&hl=en",711,2020/2/25 19:51,,,,,,,,,148,29.6,74,2,5,The accurate detection and classification of moving objects is a critical aspect of advanced driver assistance systems. We believe that by including the object classification from multiple sensor detections as a key component of the object's representation and the perception …
125,"T Romeas, A Guldner, J Faubert",3D-Multiple Object Tracking training task improves passing decision-making accuracy in soccer players,2016,Psychology of Sport and Exercise,Elsevier,https://www.sciencedirect.com/science/article/pii/S1469029215000631,"https://scholar.google.com/scholar?cites=4233336803809594680&as_sdt=2005&sciodt=0,5&hl=en",44,2020/2/25 19:51,HTML,,,,,,,,125,31.25,42,3,4,"Objectives The ability to perform a context-free 3-dimensional multiple object tracking (3D-MOT) task has been highly related to athletic performance. In the present study, we assessed the transferability of a perceptual-cognitive 3D-MOT training from a laboratory …"
121,"J Hong Yoon, CR Lee, MH Yang…",Online multi-object tracking via structural constraint event aggregation,2016,Proceedings of the …,openaccess.thecvf.com,http://openaccess.thecvf.com/content_cvpr_2016/html/Yoon_Online_Multi-Object_Tracking_CVPR_2016_paper.html,"https://scholar.google.com/scholar?cites=14789537464894554813&as_sdt=2005&sciodt=0,5&hl=en",281,2020/2/25 19:51,,,,,,,,,121,30.25,30,4,4,"… Kuk-Jin Yoon CV Lab., GIST kjyoon@gist.ac.kr Abstract Multi-object tracking (MOT) becomes more challenging when objects of interest have similar appearances. In that case, the motion cues are particularly useful for discrim- inating multiple objects …"
118,"S Tang, B Andres, M Andriluka…",Subgraph decomposition for multi-target tracking,2015,Proceedings of the …,openaccess.thecvf.com,http://openaccess.thecvf.com/content_cvpr_2015/html/Tang_Subgraph_Decomposition_for_2015_CVPR_paper.html,"https://scholar.google.com/scholar?cites=10171266255220137302&as_sdt=2005&sciodt=0,5&hl=en",962,2020/2/25 19:51,,,,,,,,,118,23.6,30,4,5,"… We use standard CLEAR MOT as evaluation metrics that include recall (Rcll), precision (Prcsn), multiple object track- ing accuracy (MOTA), and multiple object tracking precision (MOTP) [5]. MOTA is a cumulative measure that combines missed targets (FN), false alarms (FP …"
115,"R Sanchez-Matilla, F Poiesi, A Cavallaro",Online multi-target tracking with strong and weak detections,2016,European Conference on …,Springer,https://link.springer.com/chapter/10.1007/978-3-319-48881-3_7,"https://scholar.google.com/scholar?cites=10456872036037920525&as_sdt=2005&sciodt=0,5&hl=en",374,2020/2/25 19:51,,,,,,,,,115,28.75,38,3,4,"… Results show that our method outperforms alternative online trackers on the Multiple Object Tracking 2016 and 2015 benchmark datasets in terms tracking accuracy, false negatives and speed … Maggio, E., Cavallaro, A.: Learning scene context for multiple object tracking …"
113,"Z He, X Li, X You, D Tao…",Connected component model for multi-object tracking,2016,IEEE transactions on image …,ieeexplore.ieee.org,https://ieeexplore.ieee.org/abstract/document/7471478/,"https://scholar.google.com/scholar?cites=7553348836736335001&as_sdt=2005&sciodt=0,5&hl=en",388,2020/2/25 19:51,,,,,,,,,113,28.25,23,5,4,"… reflexive, symmetric and transitive properties. Therefore, the connected component is an equivalent class partitioning of this relation. We find the same structure in multiple-object tracking data association. Denote the edge as e …"
105,"F Yu, W Li, Q Li, Y Liu, X Shi, J Yan",Poi: Multiple object tracking with high performance detection and appearance feature,2016,European Conference on Computer …,Springer,https://link.springer.com/chapter/10.1007/978-3-319-48881-3_3,"https://scholar.google.com/scholar?cites=3285735207662807081&as_sdt=2005&sciodt=0,5&hl=en",37,2020/2/25 19:51,,,,,,,,,105,26.25,18,6,4,"Detection and learning based appearance feature play the central role in data association based multiple object tracking (MOT), but most recent MOT works usually ignore them and only focus on the hand-crafted feature and association algorithms. In this paper, we explore …"
105,DA Fotland,Multi-tracker object tracking,2016,"US Patent 9,269,012",Google Patents,https://patents.google.com/patent/US9269012B2/en,"https://scholar.google.com/scholar?cites=10181373657711918327&as_sdt=2005&sciodt=0,5&hl=en",587,2020/2/25 19:51,,,,,,,,,105,26.25,105,1,4,"By combining multiple lightweight tracking processes, object tracking can be robust, use a limited amount of power, and enable a computing device to respond to input corresponding to the motion of the object in real time. The …"
103,"SH Bae, KJ Yoon",Confidence-based data association and discriminative deep appearance learning for robust online multi-object tracking,2017,IEEE transactions on pattern analysis and …,ieeexplore.ieee.org,https://ieeexplore.ieee.org/abstract/document/7893777/,"https://scholar.google.com/scholar?cites=4807856965536719376&as_sdt=2005&sciodt=0,5&hl=en",368,2020/2/25 19:51,,,,,,,,,103,34.33,52,2,3,"… for Robust Online Multi-Object Tracking Seung-Hwan Bae and Kuk-Jin Yoon , Member, IEEE Abstract—Online multi-object tracking aims at estimating the tracks of multiple objects instantly with each incoming frame and the information provided up to the moment …"
97,"V Chari, S Lacoste-Julien, I Laptev…",On pairwise costs for network flow multi-object tracking,2015,Proceedings of the IEEE …,cv-foundation.org,https://www.cv-foundation.org/openaccess/content_cvpr_2015/html/Chari_On_Pairwise_Costs_2015_CVPR_paper.html,"https://scholar.google.com/scholar?cites=18167079959221116388&as_sdt=2005&sciodt=0,5&hl=en",250,2020/2/25 19:51,,,,,,,,,97,19.4,24,4,5,… Abstract Multi-object tracking has been recently approached with the min-cost network flow optimization techniques. Such methods simultaneously resolve multiple object tracks in a video and enable modeling of dependencies among tracks …
97,"J Son, M Baek, M Cho, B Han",Multi-object tracking with quadruplet convolutional neural networks,2017,Proceedings of the IEEE …,openaccess.thecvf.com,http://openaccess.thecvf.com/content_cvpr_2017/html/Son_Multi-Object_Tracking_With_CVPR_2017_paper.html,"https://scholar.google.com/scholar?cites=12894047541038404532&as_sdt=2005&sciodt=0,5&hl=en",282,2020/2/25 19:51,,,,,,,,,97,32.33,24,4,3,… 6.1. Datasets We tested our tracking algorithm on the Multiple Object Tracking (MOTChallenge) Benchmark1 to evaluate perfor- mances. The MOTChallenge benchmark provides a set of sequences with ground-truth annotations and a framework for a fair performance
96,"S Zhang, X Yu, Y Sui, S Zhao…",Object tracking with multi-view support vector machines,2015,IEEE Transactions on …,ieeexplore.ieee.org,https://ieeexplore.ieee.org/abstract/document/7004814/,"https://scholar.google.com/scholar?cites=16552174151872406856&as_sdt=2005&sciodt=0,5&hl=en",465,2020/2/25 19:51,,,,,,,,,96,19.2,19,5,5,"… Lu et al. [27] use multiple kernel learning based on SVM for object tracking. In their method, two types of features are fused by kernels, which can be considered as the mid-level fusion. And they also extend that work to multiple kernel boosting with affinity constraints [28] …"
92,"A Dehghan, Y Tian, PHS Torr…",Target identity-aware network flow for online multiple target tracking,2015,Proceedings of the IEEE …,openaccess.thecvf.com,http://openaccess.thecvf.com/content_cvpr_2015/html/Dehghan_Target_Identity-Aware_Network_2015_CVPR_paper.html,"https://scholar.google.com/scholar?cites=3566029965655435587&as_sdt=2005&sciodt=0,5&hl=en",165,2020/2/25 19:51,,,,,,,,,92,18.4,23,4,5,"… adehghan@cs.ucf.edu, ytian@crcv.ucf.edu, philip.torr@eng.ox.ac.uk, shah@crcv.ucf.edu Abstract In this paper we show that multiple object tracking (MOT) can be formulated in a framework, where the de- tection and data-association are performed simultaneously …"
87,"Q Chu, W Ouyang, H Li, X Wang…",Online multi-object tracking using CNN-based single object tracker with spatial-temporal attention mechanism,2017,Proceedings of the …,openaccess.thecvf.com,http://openaccess.thecvf.com/content_iccv_2017/html/Chu_Online_Multi-Object_Tracking_ICCV_2017_paper.html,"https://scholar.google.com/scholar?cites=15030125182737181556&as_sdt=2005&sciodt=0,5&hl=en",315,2020/2/25 19:51,,,,,,,,,87,29,17,5,3,… interface and autonomous driving. The goal of multi-object tracking (MOT) is to estimate the locations of multiple objects in the video and maintain their identities consistently in order to yield their individual trajectories. MOT is still a …
85,"L Wen, D Du, Z Cai, Z Lei, MC Chang, H Qi…",UA-DETRAC: A new benchmark and protocol for multi-object detection and tracking,2020,Computer Vision and …,Elsevier,https://www.sciencedirect.com/science/article/pii/S1077314220300035,"https://scholar.google.com/scholar?cites=9344767477611779999&as_sdt=2005&sciodt=0,5&hl=en",285,2020/2/25 19:51,,,,,,,,,85,85,12,7,1,"… Keywords. Object detection. Object tracking. Benchmark. Evaluation protocol. 1. Introduction. Multiple object tracking (MOT), which aims to extract trajectories of numerous moving objects in an image sequence, is a crucial task in video understanding …"
78,"B Lee, E Erdenee, S Jin, MY Nam, YG Jung…",Multi-class multi-object tracking using changing point detection,2016,… on Computer Vision,Springer,https://link.springer.com/chapter/10.1007/978-3-319-48881-3_6,"https://scholar.google.com/scholar?cites=15455329405193388791&as_sdt=2005&sciodt=0,5&hl=en",336,2020/2/25 19:51,,,,,,,,,78,19.5,13,6,4,"… Since they deal with only two or three classes, we used benchmark datasets, ImageNet VID [31] and MOT 2016 [32], where the former has 30 object classes and the latter is an up-to-date multiple object tracking benchmark …"
72,"H Kieritz, S Becker, W Hübner…",Online multi-person tracking using integral channel features,2016,2016 13th IEEE …,ieeexplore.ieee.org,https://ieeexplore.ieee.org/abstract/document/7738059/,"https://scholar.google.com/scholar?cites=5577556388602990782&as_sdt=2005&sciodt=0,5&hl=en",626,2020/2/25 19:51,,,,,,,,,72,18,18,4,4,… 1. Introduction Multi-object tracking is the challenge to track multiple similar objects in parallel. In addition to the single track problem the lifetime (birth and death) of a track has to be handled and multiple similar image structures are to be ex- pected …
67,"L Fagot-Bouquet, R Audigier, Y Dhome…",Improving multi-frame data association with sparse representations for robust near-online multi-object tracking,2016,European Conference on …,Springer,https://link.springer.com/chapter/10.1007/978-3-319-46484-8_47,"https://scholar.google.com/scholar?cites=14949721379395462357&as_sdt=2005&sciodt=0,5&hl=en",156,2020/2/25 19:51,,,,,,,,,67,16.75,17,4,4,Multiple Object Tracking still remains a difficult problem due to appearance variations and occlusions of the targets or detection failures … Multiple Object Tracking still remains a difficult problem due to appearance variations and occlusions of the targets or detection failures …
67,"B Zhang, A Perina, Z Li, V Murino, J Liu, R Ji",Bounding multiple gaussians uncertainty with application to object tracking,2016,International journal of …,Springer,https://link.springer.com/article/10.1007/s11263-016-0880-y,"https://scholar.google.com/scholar?cites=5237035487400566553&as_sdt=2005&sciodt=0,5&hl=en",301,2020/2/25 19:51,,,,,,,,,67,16.75,11,6,4,"This paper proves the uncertainty bound for the multiple Gaussian functions, termed multiple Gaussians Uncertainty (MGU), which significantly generalizes the uncertainty principle for the single Gaussian function. First, as a theoretical contribution, we prove that the …"
67,"X Li, Q Liu, Z He, H Wang, C Zhang…",A multi-view model for visual tracking via correlation filters,2016,Knowledge-Based Systems,Elsevier,https://www.sciencedirect.com/science/article/pii/S0950705116303318,"https://scholar.google.com/scholar?cites=14015884451645785297&as_sdt=2005&sciodt=0,5&hl=en",613,2020/2/25 19:51,,,,,,,,,67,16.75,11,6,4,… Yoon et al. [31] integrated multiple trackers based on different feature representations within a probabilistic framework to cope with various challenging factors. Each view is concerned with one particular feature representation of the target object. Robust tracking results are …
61,"S Schulter, P Vernaza, W Choi…",Deep network flow for multi-object tracking,2017,Proceedings of the …,openaccess.thecvf.com,http://openaccess.thecvf.com/content_cvpr_2017/html/Schulter_Deep_Network_Flow_CVPR_2017_paper.html,"https://scholar.google.com/scholar?cites=7259696666433404843&as_sdt=2005&sciodt=0,5&hl=en",460,2020/2/25 19:51,,,,,,,,,61,20.33,15,4,3,"… (i) Ambiguous edges: Detections of an (FP-FP) link may describe a consistently tracked but wrong object. Also, detections of a (TP-TP+Far) link are obviously very simi- lar … If multiple of these cases are true for a single variable, we multiply the weights … 3.4. Tracking model …"
58,"L Chen, H Ai, Z Zhuang, C Shang",Real-time multiple people tracking with deeply learned candidate selection and person re-identification,2018,2018 IEEE International …,ieeexplore.ieee.org,https://ieeexplore.ieee.org/abstract/document/8486597/,"https://scholar.google.com/scholar?cites=9225216474676995652&as_sdt=2005&sciodt=0,5&hl=en",384,2020/2/25 19:51,,,,,,,,,58,29,15,4,2,"… In order to measure accuracies of bounding boxes and identities at the same time, we adopt multiple metrics used in the benchmark to evaluate the pro- posed method, including multiple object tracking accuracy (MOTA) [20], false alarm per frame (FAF), the number of mostly …"
57,"J Chen, H Sheng, Y Zhang…",Enhancing detection model for multiple hypothesis tracking,2017,Proceedings of the IEEE …,openaccess.thecvf.com,http://openaccess.thecvf.com/content_cvpr_2017_workshops/w34/html/Chen_Enhancing_Detection_Model_CVPR_2017_paper.html,"https://scholar.google.com/scholar?cites=3282875566914806842&as_sdt=2005&sciodt=0,5&hl=en",276,2020/2/25 19:51,,,,,,,,,57,19,14,4,3,"… 1. Introduction Multiple object tracking(MOT) automatically estimates the motion status of targets in video sequences, and it is widely applied in many fields, eg. video surveillance[14], human-computer interaction[3], and robot vision[10] …"
57,"J Zhu, H Yang, N Liu, M Kim…",Online multi-object tracking with dual matching attention networks,2018,Proceedings of the …,openaccess.thecvf.com,http://openaccess.thecvf.com/content_ECCV_2018/html/Ji_Zhu_Online_Multi-Object_Tracking_ECCV_2018_paper.html,"https://scholar.google.com/scholar?cites=10298689782736708472&as_sdt=2005&sciodt=0,5&hl=en",365,2020/2/25 19:51,,,,,,,,,57,28.5,11,5,2,"… 1 Introduction Multi-Object Tracking (MOT) aims to estimate trajectories of multiple objects by finding target locations and maintaining target identities across frames. In general, existing MOT methods can be categorized into offline and online meth- ods …"
53,"R Henschel, L Leal-Taixé, D Cremers…",Fusion of head and full-body detectors for multi-object tracking,2018,Proceedings of the …,openaccess.thecvf.com,http://openaccess.thecvf.com/content_cvpr_2018_workshops/w29/html/Henschel_Fusion_of_Head_CVPR_2018_paper.html,"https://scholar.google.com/scholar?cites=5531786448448200903&as_sdt=2005&sciodt=0,5&hl=en",306,2020/2/25 19:51,,,,,,,,,53,26.5,13,4,2,"… Multiple object tracking, and in particular people track- ing, is one of the key problems in computer vision with po- tential impact for many applications such as video surveil- lance or crowd analysis [1]. A common approach to gen- erate the trajectories of multiple people is …"
51,"L Leal-Taixé, A Milan, K Schindler, D Cremers…",Tracking the trackers: an analysis of the state of the art in multiple object tracking,2017,arXiv preprint arXiv …,arxiv.org,https://arxiv.org/abs/1704.02781,"https://scholar.google.com/scholar?cites=14607762457739310154&as_sdt=2005&sciodt=0,5&hl=en",78,2020/2/25 19:51,,,,,,,,,51,17,10,5,3,"Standardized benchmarks are crucial for the majority of computer vision applications. Although leaderboards and ranking tables should not be over-claimed, benchmarks often provide the most objective measure of performance and are therefore important guides for …"
51,"KJ DeMars, II Hussein, C Frueh, MK Jah…",Multiple-object space surveillance tracking using finite-set statistics,2015,Journal of Guidance …,arc.aiaa.org,https://arc.aiaa.org/doi/abs/10.2514/1.G000987,"https://scholar.google.com/scholar?cites=4276789452263603791&as_sdt=2005&sciodt=0,5&hl=en",211,2020/2/25 19:51,,,,,,,,,51,10.2,10,5,5,"The dynamic tracking of objects is, in general, concerned with state estimation using imperfect data. Multiple object tracking adds the difficulty of encountering unknown associations between the collected data and the objects. State estimation of objects …"
48,"C Kim, F Li, JM Rehg",Multi-object tracking with neural gating using bilinear lstm,2018,Proceedings of the European …,openaccess.thecvf.com,http://openaccess.thecvf.com/content_ECCV_2018/html/Chanho_Kim_Multi-object_Tracking_with_ECCV_2018_paper.html,"https://scholar.google.com/scholar?cites=12613697906700949440&as_sdt=2005&sciodt=0,5&hl=en",303,2020/2/25 19:51,,,,,,,,,48,24,16,3,2,"… hypothesis tracking framework. In experiments, we show that with our novel LSTM model, we achieved state-of-the-art performance on near-online multiple object tracking on the MOT 2016 and MOT 2017 benchmarks. 1 Introduction …"
46,"Y Ban, S Ba, X Alameda-Pineda, R Horaud",Tracking multiple persons based on a variational bayesian model,2016,European Conference on …,Springer,https://link.springer.com/chapter/10.1007/978-3-319-48881-3_5,"https://scholar.google.com/scholar?cites=11754876852125941045&as_sdt=2005&sciodt=0,5&hl=en",375,2020/2/25 19:51,,,,,,,,,46,11.5,12,4,4,"… References. 1. Luo, W., Xing, J., Zhang, X., Zhao, W., Kim, TK: Multiple object tracking: a review (2015). arXiv:1409.761. 2. Green, PJ: Trans-dimensional Markov chain Monte Carlo. In: Oxford Statistical Science Series, pp. 179 …"
43,"S Shantaiya, K Verma, K Mehta",Multiple object tracking using Kalman filter and optical flow,2015,European Journal of …,pdfs.semanticscholar.org,https://pdfs.semanticscholar.org/4bca/26a740f6f49b49c65a494b288d835b3f95d6.pdf,"https://scholar.google.com/scholar?cites=9611072251871738299&as_sdt=2005&sciodt=0,5&hl=en",69,2020/2/25 19:51,PDF,,,,,,,,43,8.6,14,3,5,In this paper we presented a tracking of multiple objects from a given video dataset. Multiple objects can be tracked simultaneously using Kalman filter and optical flow algorithm. We presented improved optical flow algorithm which not only gives better accuracy but also …
43,"L Chen, H Ai, C Shang, Z Zhuang…",Online multi-object tracking with convolutional neural networks,2017,2017 IEEE International …,ieeexplore.ieee.org,https://ieeexplore.ieee.org/abstract/document/8296360/,"https://scholar.google.com/scholar?cites=18114044691635743393&as_sdt=2005&sciodt=0,5&hl=en",330,2020/2/25 19:51,,,,,,,,,43,14.33,9,5,3,"… We adopt widely used metrics to evaluate the proposed tracker, which include multiple object tracking accuracy (MOTA), multiple object tracking precision (MOTP) [20], false alarm per frame (FAF), the number of mostly tracked targets (MT, > 80% recovered), the number of …"
43,"K Fang, Y Xiang, X Li…",Recurrent autoregressive networks for online multi-object tracking,2018,2018 IEEE Winter …,ieeexplore.ieee.org,https://ieeexplore.ieee.org/abstract/document/8354161/,"https://scholar.google.com/scholar?cites=16564780278141531622&as_sdt=2005&sciodt=0,5&hl=en",344,2020/2/25 19:51,,,,,,,,,43,21.5,11,4,2,"… Recurrent Cell Figure 1. We introduce Recurrent Autoregressive Networks (RANs) for online multiple object tracking … Recently, there have also been works try- ing to use recurrent neural networks (RNNs) to extract long- term temporal features for multiple object tracking [22, 25] …"
42,"Y Song, M Jeon",Online multiple object tracking with the hierarchically adopted gm-phd filter using motion and appearance,2016,… on consumer electronics-Asia (ICCE-Asia),ieeexplore.ieee.org,https://ieeexplore.ieee.org/abstract/document/7804800/,"https://scholar.google.com/scholar?cites=9927457993690476005&as_sdt=2005&sciodt=0,5&hl=en",88,2020/2/25 19:51,,,,,,,,,42,10.5,21,2,4,"This paper presents an online multiple object tracking (MOT) method based on tracking by detection. Tracking by detection has the inherent problems by false and miss detection. To deal with the false detection, we employed the Gaussian mixture probability hypothesis …"
42,"C Fantacci, BN Vo, BT Vo, G Battistelli…",Consensus labeled random finite set filtering for distributed multi-object tracking,2015,arXiv preprint arXiv …,arxiv.org,https://arxiv.org/abs/1501.01579,"https://scholar.google.com/scholar?cites=15157743036520916586&as_sdt=2005&sciodt=0,5&hl=en",391,2020/2/25 19:51,,,,,,,,,42,8.4,8,5,5,"… Numerous multi-object tracking algorithms have been developed in the literature and most of these fall under the three major paradigms of Multiple Hypothesis Tracking (MHT) [6], [9], Joint Probabilistic Data Association (JPDA) [4], and Random Finite Set (RFS) [7] …"
42,"BJ Scholl, ZW Pylyshyn, J Feldman",What is a visual object? Evidence from multiple object tracking,,Cognition.[BJS],,,"https://scholar.google.com/scholar?cites=15595763076809315743&as_sdt=2005&sciodt=0,5&hl=en",489,2020/2/25 19:51,CITATION,,,,,,,,42,0,14,3,,
41,"A Maksai, X Wang, F Fleuret…",Non-markovian globally consistent multi-object tracking,2017,Proceedings of the IEEE …,openaccess.thecvf.com,http://openaccess.thecvf.com/content_iccv_2017/html/Maksai_Non-Markovian_Globally_Consistent_ICCV_2017_paper.html,"https://scholar.google.com/scholar?cites=173149552454870937&as_sdt=2005&sciodt=0,5&hl=en",312,2020/2/25 19:51,,,,,,,,,41,13.67,10,4,3,… 1. Introduction Multiple Object Tracking (MOT) has a long tradition for applications such as radar tracking [18] … Multiple Object Tracking Accuracy (MOTA) is the one that is used most often to compare competing approaches …
41,"Y Xu, X Liu, Y Liu, SC Zhu",Multi-view people tracking via hierarchical trajectory composition,2016,Proceedings of the IEEE …,openaccess.thecvf.com,http://openaccess.thecvf.com/content_cvpr_2016/html/Xu_Multi-View_People_Tracking_CVPR_2016_paper.html,"https://scholar.google.com/scholar?cites=3108177853883919562&as_sdt=2005&sciodt=0,5&hl=en",565,2020/2/25 19:51,,,,,,,,,41,10.25,10,4,4,"… This paper presents a hierarchical composition ap- proach for multi-view object tracking. The key idea is to adaptively exploit multiple cues in both 2D and 3D, eg, ground occupancy consistency, appearance similarity, mo- tion coherence etc., which are mutually complementary …"
39,"L Wen, Z Lei, S Lyu, SZ Li…",Exploiting hierarchical dense structures on hypergraphs for multi-object tracking,2015,IEEE transactions on …,ieeexplore.ieee.org,https://ieeexplore.ieee.org/abstract/document/7360186/,"https://scholar.google.com/scholar?cites=6783016315936869537&as_sdt=2005&sciodt=0,5&hl=en",453,2020/2/25 19:51,,,,,,,,,39,7.8,8,5,5,"… been proposed to tackle the target association problem, less effort has been made to exploit high-order information (ie, beyond pairwise rela- tions between objects) contained among multiple objects in the temporal domain. Most existing multi-object tracking methods exploit …"
38,"S Gefen, G House",Multiple-object tracking and team identification for game strategy analysis,2015,"US Patent 9,031,279",Google Patents,https://patents.google.com/patent/US9031279B2/en,"https://scholar.google.com/scholar?cites=13643953168126441529&as_sdt=2005&sciodt=0,5&hl=en",92,2020/2/25 19:51,,,,,,,,,38,7.6,19,2,5,"A method for automatically tracking multiple objects from a sequence of video images that may extract raw data about participating elements in a sporting, or other event, in a way that does not interfere with the actual participating elements in the event. The raw data may …"
37,"M Keuper, S Tang, B Andres, T Brox…",Motion segmentation & multiple object tracking by correlation co-clustering,2018,IEEE transactions on …,ieeexplore.ieee.org,https://ieeexplore.ieee.org/abstract/document/8493320/,"https://scholar.google.com/scholar?cites=8418593282484790201&as_sdt=2005&sciodt=0,5&hl=en",98,2020/2/25 19:51,,,,,,,,,37,18.5,7,5,2,"Models for computer vision are commonly defined either wrt low-level concepts such as pixels that are to be grouped, or wrt high-level concepts such as semantic objects that are to be detected and tracked. Combining bottom-up grouping with top-down detection and …"
37,"RJ Mstafa, KM Elleithy, E Abdelfattah",A robust and secure video steganography method in DWT-DCT domains based on multiple object tracking and ECC,2017,IEEE Access,ieeexplore.ieee.org,https://ieeexplore.ieee.org/abstract/document/7893733/,"https://scholar.google.com/scholar?cites=1535632958050493014&as_sdt=2005&sciodt=0,5&hl=en",121,2020/2/25 19:51,,,,,,,,,37,12.33,12,3,3,"Over the past few decades, the art of secretly embedding and communicating digital data has gained enormous attention because of the technological development in both digital contents and communication. The imperceptibility, hiding capacity, and robustness against …"
37,"JM Scimeca, SL Franconeri",Selecting and tracking multiple objects,2015,Wiley Interdisciplinary Reviews …,Wiley Online Library,https://onlinelibrary.wiley.com/doi/abs/10.1002/wcs.1328,"https://scholar.google.com/scholar?cites=12093532483020801733&as_sdt=2005&sciodt=0,5&hl=en",678,2020/2/25 19:51,,,,,,,,,37,7.4,19,2,5,"… We argue that a complete model of multiple object tracking must account for both those limits shared between static selection and dynamic tracking, as well as limits unique to tracking … Multiple object selection (MOS) and multiple object tracking (MOT) …"
37,"S Sharma, JA Ansari, JK Murthy…",Beyond pixels: Leveraging geometry and shape cues for online multi-object tracking,2018,2018 IEEE International …,ieeexplore.ieee.org,https://ieeexplore.ieee.org/abstract/document/8461018/,"https://scholar.google.com/scholar?cites=13987570784389765050&as_sdt=2005&sciodt=0,5&hl=en",743,2020/2/25 19:51,,,,,,,,,37,18.5,9,4,2,… approach is a tracking-by-detection ap- proach and hence assumes per-frame bounding box detec- tions as input. We choose two recent object detectors — Recurrent Rolling Convolution (RRC) [15] and SubCNN [16]. Each of these detectors provides multiple detections per …
36,"S Ba, X Alameda-Pineda, A Xompero…",An on-line variational Bayesian model for multi-person tracking from cluttered scenes,2016,Computer Vision and …,Elsevier,https://www.sciencedirect.com/science/article/pii/S1077314216301047,"https://scholar.google.com/scholar?cites=8359000173177189638&as_sdt=2005&sciodt=0,5&hl=en",641,2020/2/25 19:51,,,,,,,,,36,9,9,4,4,"… Evaluated on classical multiple person tracking datasets, our method shows competitive results with respect to state-of-the-art multiple-object tracking algorithms, such as the probability hypothesis density (PHD) filter, among others. Graphical abstract …"
35,"W Chen, L Cao, X Chen…",An equalized global graph model-based approach for multicamera object tracking,2016,IEEE Transactions on …,ieeexplore.ieee.org,https://ieeexplore.ieee.org/abstract/document/7508485/,"https://scholar.google.com/scholar?cites=4254883660954508260&as_sdt=2005&sciodt=0,5&hl=en",886,2020/2/25 19:51,,,,,,,,,35,8.75,9,4,4,"… paper, we focus on addressing the problem of tracking objects of interest across multiple non-overlapping cameras. As shown in Fig. 1 (Solution A), previous visual objec- t tracking approaches tackle the problem in two different steps: single camera object tracking (SCT) [9] …"
34,"T Hirscher, A Scheel, S Reuter…",Multiple extended object tracking using Gaussian processes,2016,2016 19th International …,ieeexplore.ieee.org,https://ieeexplore.ieee.org/abstract/document/7527978/,"https://scholar.google.com/scholar?cites=7716817059580215175&as_sdt=2005&sciodt=0,5&hl=en",373,2020/2/25 19:51,,,,,,,,,34,8.5,9,4,4,"The goal of multi-object tracking is to estimate the number of objects and their states recursively over time. In the presence of extended objects, ie objects with an extent that is not negligible in comparison to sensor resolution and which give rise to multiple …"
33,"SI Yu, D Meng, W Zuo…",The solution path algorithm for identity-aware multi-object tracking,2016,Proceedings of the IEEE …,openaccess.thecvf.com,http://openaccess.thecvf.com/content_cvpr_2016/html/Yu_The_Solution_Path_CVPR_2016_paper.html,"https://scholar.google.com/scholar?cites=1574250711095122034&as_sdt=2005&sciodt=0,5&hl=en",443,2020/2/25 19:51,,,,,,,,,33,8.25,8,4,4,"… object tracking algorithm based on the solution path algo- rithm, which has been extensively used in multiple tasks such as Lasso [34] and Support Vector Machines [19] … First, the Multiple Object Tracking Accuracy (MOTA2) from the CLEAR metrics [9] was used …"
32,"JW Choi, D Moon, JH Yoo",Robust Multi‐person Tracking for Real‐Time Intelligent Video Surveillance,2015,ETRI Journal,Wiley Online Library,https://onlinelibrary.wiley.com/doi/abs/10.4218/etrij.15.0114.0629,"https://scholar.google.com/scholar?cites=8033679095922909912&as_sdt=2005&sciodt=0,5&hl=en",560,2020/2/25 19:51,,,,,,,,,32,6.4,11,3,5,"… Abstract. We propose a novel multiple‐object tracking algorithm for real‐time intelligent video surveillance … Among the various measures, two metrics — multiple object tracking precision (MOTP) and multiple object tracking accuracy (MOTA) — were used …"
31,"L Wen, D Du, Z Cai, Z Lei, M Chang, H Qi, J Lim…",Detrac: A new benchmark and protocol for multi-object tracking,2015,Preprint,researchgate.net,https://www.researchgate.net/profile/Longyin_Wen/publication/283986610_UA-DETRAC_A_New_Benchmark_and_Protocol_for_Multi-Object_Detection_and_Tracking/links/564ccf3b08ae1ef9296a441c/UA-DETRAC-A-New-Benchmark-and-Protocol-for-Multi-Object-Detection-and-Tracking.pdf,"https://scholar.google.com/scholar?cites=7704322554124126923&as_sdt=2005&sciodt=0,5&hl=en",369,2020/2/25 19:51,PDF,,,,,,,,31,6.2,4,8,5,"… 1. Introduction Multiple object tracking (MOT), which aims to ex- tract trajectories of multiple moving objects in a video se- quence, is a crucial step in understanding and analyzing video sequences. A robust and reliable MOT …"
31,"GS Walia, R Kapoor",Recent advances on multicue object tracking: a survey,2016,Artificial Intelligence Review,Springer,https://link.springer.com/article/10.1007/S10462-015-9454-6,"https://scholar.google.com/scholar?cites=4835984238020833340&as_sdt=2005&sciodt=0,5&hl=en",430,2020/2/25 19:51,,,,,,,,,31,7.75,16,2,4,"… The stochastic methods such as Kalman filter, Particle filter and its variants were preferred over contemporary methods due to their potential advantages such as fusion of multiple features, handling different level of uncertainty, and easy up-gradation for multiple object tracking …"
31,"L Ma, J Lu, J Feng, J Zhou",Multiple feature fusion via weighted entropy for visual tracking,2015,Proceedings of the IEEE …,openaccess.thecvf.com,http://openaccess.thecvf.com/content_iccv_2015/html/Ma_Multiple_Feature_Fusion_ICCV_2015_paper.html,"https://scholar.google.com/scholar?cites=12579524847629435722&as_sdt=2005&sciodt=0,5&hl=en",447,2020/2/25 19:51,,,,,,,,,31,6.2,8,4,5,"… Multiple Feature Fusion Based Visual Tracking: Many existing object tracking methods utilize single fea- ture descriptor to represent the appearance of objects. How- ever, each type of feature suffers from some limitations to handle the variations of objects …"
31,"S Scheidegger, J Benjaminsson…",Mono-camera 3d multi-object tracking using deep learning detections and pmbm filtering,2018,2018 IEEE Intelligent …,ieeexplore.ieee.org,https://ieeexplore.ieee.org/abstract/document/8500454/,"https://scholar.google.com/scholar?cites=16918261280463484785&as_sdt=2005&sciodt=0,5&hl=en",817,2020/2/25 19:51,,,,,,,,,31,15.5,10,3,2,"… The KITTI object tracking dataset [20] contains data from multiple sensors, eg, four cameras and a lidar sensor. The data from such sensors can be used for environment perception, ie, tracking of moving objects and mapping of the stationary environment …"
30,"B Wahn, DP Ferris, WD Hairston, P König",Pupil sizes scale with attentional load and task experience in a multiple object tracking task,2016,PloS one,ncbi.nlm.nih.gov,https://www.ncbi.nlm.nih.gov/pmc/articles/PMC5157994/,"https://scholar.google.com/scholar?cites=9449125763482534711&as_sdt=2005&sciodt=0,5&hl=en",145,2020/2/25 19:51,HTML,,,,,,,,30,7.5,8,4,4,"Previous studies have related changes in attentional load to pupil size modulations. However, studies relating changes in attentional load and task experience on a finer scale to pupil size modulations are scarce. Here, we investigated how these changes affect pupil …"
29,"HS Meyerhoff, F Papenmeier, M Huff",Studying visual attention using the multiple object tracking paradigm: A tutorial review,2017,"Attention, Perception, & …",Springer,https://link.springer.com/article/10.3758/s13414-017-1338-1,"https://scholar.google.com/scholar?cites=15583393135480977830&as_sdt=2005&sciodt=0,5&hl=en",112,2020/2/25 19:51,HTML,,,,,,,,29,9.67,10,3,3,"Human observers are capable of tracking multiple objects among identical distractors based only on their spatiotemporal information. Since the first report of this ability in the seminal work of Pylyshyn and Storm (1988, Spatial Vision, 3, 179–197), multiple object tracking has …"
29,"P Feng, W Wang, S Dlay, SM Naqvi…",Social force model-based MCMC-OCSVM particle PHD filter for multiple human tracking,2016,IEEE Transactions on …,ieeexplore.ieee.org,https://ieeexplore.ieee.org/abstract/document/7779037/,"https://scholar.google.com/scholar?cites=1051741728719875217&as_sdt=2005&sciodt=0,5&hl=en",269,2020/2/25 19:51,,,,,,,,,29,7.25,6,5,4,"… is evaluated and compared with state-of-the-art techniques using sequences from the CAVIAR, TUD, and PETS2009 datasets based on the mean Euclidean tracking error on each frame, the optimal subpattern assignment metric, and the multiple object tracking precision metric …"
26,"K Pothier, N Benguigui, R Kulpa…","Multiple object tracking while walking: similarities and differences between young, young-old, and old-old adults",2015,Journals of Gerontology …,academic.oup.com,https://academic.oup.com/psychsocgerontology/article-abstract/70/6/840/2604934,"https://scholar.google.com/scholar?cites=11353190686911194339&as_sdt=2005&sciodt=0,5&hl=en",154,2020/2/25 19:51,,,,,,,,,26,5.2,7,4,5,"Objective. Walking while simultaneously engaged in another activity becomes more difficult as one grows older. Here, we address the issue of changes in dual-task behavior at different stages of life, particularly in the latter stages. Methods. We developed a dual task that …"
26,"W Luo, B Stenger, X Zhao, TK Kim",Automatic topic discovery for multi-object tracking,2015,Twenty-Ninth AAAI Conference on …,aaai.org,https://www.aaai.org/ocs/index.php/AAAI/AAAI15/paper/viewPaper/9474,"https://scholar.google.com/scholar?cites=17238490870527879640&as_sdt=2005&sciodt=0,5&hl=en",485,2020/2/25 19:51,,,,,,,,,26,5.2,7,4,5,… 2 Related Work The most relevant work on topic models and multiple object tracking is reviewed in the following. 2.1 Topic Model Popular topic models for text document processing include Latent Semantic Indexing (LSI) (Dumais et al …
24,"Z He, Y Cui, H Wang, X You, CLP Chen",One global optimization method in network flow model for multiple object tracking,2015,Knowledge-Based Systems,Elsevier,https://www.sciencedirect.com/science/article/pii/S0950705115001628,"https://scholar.google.com/scholar?cites=1978656673121032612&as_sdt=2005&sciodt=0,5&hl=en",129,2020/2/25 19:51,,,,,,,,,24,4.8,5,5,5,"In this paper, we address the task of automatically tracking a variable number of objects in the scene of a monocular and uncalibrated camera. We propose a global optimization method in network flow model for multiple object tracking. This approach extends recent …"
23,"RJ Mstafa, KM Elleithy",A new video steganography algorithm based on the multiple object tracking and Hamming codes,2015,2015 IEEE 14th International …,ieeexplore.ieee.org,https://ieeexplore.ieee.org/abstract/document/7424331/,"https://scholar.google.com/scholar?cites=11250236936263344218&as_sdt=2005&sciodt=0,5&hl=en",143,2020/2/25 19:51,,,,,,,,,23,4.6,12,2,5,"In the modern world, video steganography has become a popular option for secret data communication. The performance of any steganography algorithm is based on the embedding efficiency, embedding payload, and robustness against attackers. In this paper …"
23,S Murray,Real-time multiple object tracking-A study on the importance of speed,2017,arXiv preprint arXiv:1709.03572,arxiv.org,https://arxiv.org/abs/1709.03572,"https://scholar.google.com/scholar?cites=5227635081327963093&as_sdt=2005&sciodt=0,5&hl=en",157,2020/2/25 19:51,,,,,,,,,23,7.67,23,1,3,"In this project, we implement a multiple object tracker, following the tracking-by-detection paradigm, as an extension of an existing method. It works by modelling the movement of objects by solving the filtering problem, and associating detections with predicted new …"
23,"C Ma, C Yang, F Yang, Y Zhuang…",Trajectory factory: Tracklet cleaving and re-connection by deep siamese bi-gru for multiple object tracking,2018,… on Multimedia and …,ieeexplore.ieee.org,https://ieeexplore.ieee.org/abstract/document/8486454/,"https://scholar.google.com/scholar?cites=18194914924444319842&as_sdt=2005&sciodt=0,5&hl=en",182,2020/2/25 19:51,,,,,,,,,23,11.5,5,5,2,"Multi-Object Tracking (MOT) is a challenging task in the complex scene such as surveillance and autonomous driving. In this paper, we propose a novel tracklet processing method to cleave and re-connect tracklets on crowd or longterm occlusion by Siamese Bi-Gated …"
23,"K Ingersoll, PC Niedfeldt…",Multiple target tracking and stationary object detection in video with Recursive-RANSAC and tracker-sensor feedback,2015,… Conference on Unmanned …,ieeexplore.ieee.org,https://ieeexplore.ieee.org/abstract/document/7152426/,"https://scholar.google.com/scholar?cites=11954230844426443155&as_sdt=2005&sciodt=0,5&hl=en",370,2020/2/25 19:51,,,,,,,,,23,4.6,8,3,5,"In this paper, we explore the concept of a tracker-sensor feedback loop, ie, how tracker output can inform sensor processing, and investigate whether it can improve multiple target tracking performance and enable stationary object detection in video. Our implementation of …"
23,"Z Tang, JN Hwang, YS Lin…",Multiple-kernel adaptive segmentation and tracking (MAST) for robust object tracking,2016,2016 IEEE International …,ieeexplore.ieee.org,https://ieeexplore.ieee.org/abstract/document/7471849/,"https://scholar.google.com/scholar?cites=12800451605420986634&as_sdt=2005&sciodt=0,5&hl=en",427,2020/2/25 19:51,,,,,,,,,23,5.75,6,4,4,"In a video surveillance system with static cameras, object segmentation often fails when part of the object has similar color with the background, resulting in poor performance of the subsequent object tracking. Multiple kernels have been utilized in object tracking to deal …"
23,"W Feng, Z Hu, W Wu, J Yan, W Ouyang",Multi-object tracking with multiple cues and switcher-aware classification,2019,arXiv preprint arXiv:1901.06129,arxiv.org,https://arxiv.org/abs/1901.06129,"https://scholar.google.com/scholar?cites=7022006586372339908&as_sdt=2005&sciodt=0,5&hl=en",449,2020/2/25 19:51,,,,,,,,,23,23,5,5,1,"In this paper, we propose a unified Multi-Object Tracking (MOT) framework learning to make full use of long term and short term cues for handling complex cases in MOT scenes. Besides, for better association, we propose switcher-aware classification (SAC), which takes …"
23,"M Yang, Y Wu, Y Jia",A hybrid data association framework for robust online multi-object tracking,2017,IEEE Transactions on Image Processing,ieeexplore.ieee.org,https://ieeexplore.ieee.org/abstract/document/8016620/,"https://scholar.google.com/scholar?cites=12718111959193903065&as_sdt=2005&sciodt=0,5&hl=en",501,2020/2/25 19:51,,,,,,,,,23,7.67,8,3,3,"… I. INTRODUCTION ONLINE multi-object tracking estimates the spatio- temporal trajectories of multiple objects in an online video stream (ie, the video is provided frame-by-frame), which is a fundamental problem for numerous real-time appli- cations, such as video surveillance …"
22,"S Harenberg, R McCaffrey, M Butz, D Post…",Can multiple object tracking predict laparoscopic surgical skills?,2016,Journal of surgical …,Elsevier,https://www.sciencedirect.com/science/article/pii/S1931720415002962,"https://scholar.google.com/scholar?cites=10248465152687016659&as_sdt=2005&sciodt=0,5&hl=en",137,2020/2/25 19:51,,,,,,,,,22,5.5,4,5,4,Objective The purpose of this study was to examine the relationship between multiple object tracking (MOT) and simulated laparoscopic surgery skills. Methods A total of 29 second-year medical students were recruited for this study. The participants completed 3 rounds of a …
22,"T Luu, PDL Howe",Extrapolation occurs in multiple object tracking when eye movements are controlled,2015,"Attention, Perception, & Psychophysics",Springer,https://link.springer.com/article/10.3758/s13414-015-0891-8,"https://scholar.google.com/scholar?cites=16040580620699396788&as_sdt=2005&sciodt=0,5&hl=en",140,2020/2/25 19:51,HTML,,,,,,,,22,4.4,11,2,5,"There is much debate regarding the types of information observers use to track moving objects. Howe and Holcombe (Journal of Vision 12 (13): 1-10, 2012) recently reported evidence that observers employ extrapolation while tracking. However, their study is …"
22,"ES Dørum, D Alnæs, T Kaufmann, G Richard…",Age‐related differences in brain network activation and co‐activation during multiple object tracking,2016,Brain and …,Wiley Online Library,https://onlinelibrary.wiley.com/doi/abs/10.1002/brb3.533,"https://scholar.google.com/scholar?cites=10883007789279202980&as_sdt=2005&sciodt=0,5&hl=en",178,2020/2/25 19:51,,,,,,,,,22,5.5,4,5,4,"Introduction Multiple object tracking (MOT) is a powerful paradigm for measuring sustained attention. Although previous fMRI studies have delineated the brain activation patterns associated with tracking and documented reduced tracking performance in aging, age …"
20,"EJ Blumberg, MS Peterson…",Enhancing multiple object tracking performance with noninvasive brain stimulation: a causal role for the anterior intraparietal sulcus,2015,Frontiers in systems …,frontiersin.org,https://www.frontiersin.org/articles/10.3389/fnsys.2015.00003,"https://scholar.google.com/scholar?cites=9713136743574984107&as_sdt=2005&sciodt=0,5&hl=en",179,2020/2/25 19:51,HTML,,,,,,,,20,4,7,3,5,"Multiple object tracking (MOT) is a complex task recruiting a distributed network of brain regions. There are also marked individual differences in MOT performance. A positive causal relationship between the anterior intraparietal sulcus (AIPS), an integral region in the …"
20,"D Alnæs, MH Sneve, G Richard, KC Skåtun…",Functional connectivity indicates differential roles for the intraparietal sulcus and the superior parietal lobule in multiple object tracking,2015,Neuroimage,Elsevier,https://www.sciencedirect.com/science/article/pii/S1053811915007417,"https://scholar.google.com/scholar?cites=7840802840803413139&as_sdt=2005&sciodt=0,5&hl=en",187,2020/2/25 19:51,,,,,,,,,20,4,4,5,5,"Attentive tracking requires sustained object-based attention, rather than passive vigilance or rapid attentional shifts to brief events. Several theories of tracking suggest a mechanism of indexing objects that allows for attentional resources to be directed toward the moving …"
20,"S Akkaladevi, M Ankerl, C Heindl…",Tracking multiple rigid symmetric and non-symmetric objects in real-time using depth data,2016,2016 IEEE International …,ieeexplore.ieee.org,https://ieeexplore.ieee.org/abstract/document/7487784/,"https://scholar.google.com/scholar?cites=10459099703604897510&as_sdt=2005&sciodt=0,5&hl=en",526,2020/2/25 19:51,,,,,,,,,20,5,5,4,4,"… Each model is updated with help of a feedback point-cloud data obtained by simultaneous multiple object segmentation and tracking … [11] S. Koo, D. Lee, and D. Kwon, “Multiple object tracking using an rgb- d camera by hierarchical spatiotemporal data association”, in Proc …"
19,"SJ Sun, N Akhtar, HS Song, AS Mian…",Deep affinity network for multiple object tracking,2019,IEEE transactions on …,ieeexplore.ieee.org,https://ieeexplore.ieee.org/abstract/document/8766896/,"https://scholar.google.com/scholar?cites=4905265776702094915&as_sdt=2005&sciodt=0,5&hl=en",167,2020/2/25 19:51,,,,,,,,,19,19,4,5,1,Multiple Object Tracking (MOT) plays an important role in solving many fundamental problems in video analysis and computer vision. Most MOT methods employ two steps: Object Detection and Data Association. The first step detects objects of interest in every …
19,"YG Punchihewa, BT Vo, BN Vo…",Multiple object tracking in unknown backgrounds with labeled random finite sets,2018,IEEE Transactions on …,ieeexplore.ieee.org,https://ieeexplore.ieee.org/abstract/document/8330752/,"https://scholar.google.com/scholar?cites=10532122249211525157&as_sdt=2005&sciodt=0,5&hl=en",168,2020/2/25 19:51,,,,,,,,,19,9.5,5,4,2,"This paper proposes an online multiple object tracker that can operate under unknown detection profile and clutter rate. In a majority of multiple object tracking applications, model parameters for background processes such as clutter and detection are unknown and vary …"
19,"HS Meyerhoff, F Papenmeier, G Jahn…",Not FLEXible enough: Exploring the temporal dynamics of attentional reallocations with the multiple object tracking paradigm.,2016,Journal of Experimental …,psycnet.apa.org,https://psycnet.apa.org/doiLanding?doi=10.1037/xhp0000187,"https://scholar.google.com/scholar?cites=16886290145798103707&as_sdt=2005&sciodt=0,5&hl=en",185,2020/2/25 19:51,,,,,,,,,19,4.75,5,4,4,"The dynamic environment of human observers requires continuous reallocations of visual attention to compensate for location changes of the attended objects. Particularly, situations with reduced spatial distance between targets and other objects in the display are crucial for …"
19,"YT Tesfaye, E Zemene, M Pelillo, A Prati",Multi-object tracking using dominant sets,2016,IET computer vision,IET,https://digital-library.theiet.org/content/journals/10.1049/iet-cvi.2015.0297,"https://scholar.google.com/scholar?cites=16270506555449655726&as_sdt=2005&sciodt=0,5&hl=en",663,2020/2/25 19:51,,,,,,,,,19,4.75,5,4,4,"… Following multiple targets while robustly maintaining data association remains a largely open problem … In recent years, due to significant improvements in object detection, several researchers have proposed tracking methods that associate detection responses into …"
18,"A Khoreva, R Benenson, E Ilg, T Brox…",Lucid data dreaming for multiple object tracking,2017,arXiv preprint arXiv …,pure.mpg.de,https://pure.mpg.de/pubman/faces/ViewItemOverviewPage.jsp?itemId=item_2418086,"https://scholar.google.com/scholar?cites=14865858005423143400&as_sdt=2005&sciodt=0,5&hl=en",159,2020/2/25 19:51,,,,,,,,,18,6,4,5,3,Convolutional networks reach top quality in pixel-level object tracking but require a large amount of training data (1k~ 10k) to deliver such results. We propose a new training strategy which achieves state-of-the-art results across three evaluation datasets while using 20x …
18,"B Sahbani, W Adiprawita",Kalman filter and iterative-hungarian algorithm implementation for low complexity point tracking as part of fast multiple object tracking system,2016,2016 6th International Conference …,ieeexplore.ieee.org,https://ieeexplore.ieee.org/abstract/document/7849633/,"https://scholar.google.com/scholar?cites=2746363987570372119&as_sdt=2005&sciodt=0,5&hl=en",176,2020/2/25 19:51,,,,,,,,,18,4.5,9,2,4,"Multiple object tracking is one field of study in vision-based navigation. Basically, in many current-research of this study, the common method in object tracking consists two main parts such as object detection and motion prediction, Object detection is highly related to the …"
18,"S Tian, F Yuan, GS Xia",Multi-object tracking with inter-feedback between detection and tracking,2016,Neurocomputing,Elsevier,https://www.sciencedirect.com/science/article/pii/S0925231215010061,"https://scholar.google.com/scholar?cites=16161669748380747386&as_sdt=2005&sciodt=0,5&hl=en",538,2020/2/25 19:51,,,,,,,,,18,4.5,6,3,4,"… In the tracking step, we use group tracking strategy based on detection. Moreover, in order to handle tracking scenarios with different complexity, objects are classified into two categories, ie single object and multiple ones, and are dealt with different strategies …"
18,"Y Ye, L Fu, B Li",Object detection and tracking using multi-layer laser for autonomous urban driving,2016,2016 IEEE 19th International Conference on …,ieeexplore.ieee.org,https://ieeexplore.ieee.org/abstract/document/7795564/,"https://scholar.google.com/scholar?cites=5507016928437962558&as_sdt=2005&sciodt=0,5&hl=en",576,2020/2/25 19:51,,,,,,,,,18,4.5,6,3,4,"… In [9], a data driven Markov chain Monte Carlo (MCMC) is used to find a global optimum multiple object tracking results efficiently … ""Evaluating multiple object tracking performance: the CLEAR MOT metrics."" Journal on Image and Video Processing 2008 (2008): 1 …"
18,"G Wang, Y Wang, H Zhang, R Gu…",Exploit the connectivity: Multi-object tracking with trackletnet,2019,Proceedings of the 27th …,dl.acm.org,https://dl.acm.org/doi/abs/10.1145/3343031.3350853,"https://scholar.google.com/scholar?cites=10784380348959528073&as_sdt=2005&sciodt=0,5&hl=en",699,2020/2/25 19:51,,,,,,,,,18,18,4,5,1,"… driving assistance [7, 10, 37, 38, 40]. However, due to the noisy visual object detection and occlusion in the crowds, tracking multiple objects over long time is very challenging. To address such problems, many methods follow …"
17,"L Fan, Z Wang, B Cail, C Tao, Z Zhang…",A survey on multiple object tracking algorithm,2016,… on Information and …,ieeexplore.ieee.org,https://ieeexplore.ieee.org/abstract/document/7832121/,"https://scholar.google.com/scholar?cites=6290323583831722610&as_sdt=2005&sciodt=0,5&hl=en",149,2020/2/25 19:51,,,,,,,,,17,4.25,3,6,4,Visual Multiple Object Tracking (VMOT) is an important computer vision task which has gained increasing attention due to its academic and commercial potential. There are many different approaches have been proposed to solve the problem. Compared with single …
17,"C Merkel, JM Hopf, HJ Heinze, MA Schoenfeld",Neural correlates of multiple object tracking strategies,2015,Neuroimage,Elsevier,https://www.sciencedirect.com/science/article/pii/S1053811915004814,"https://scholar.google.com/scholar?cites=1459251424462965736&as_sdt=2005&sciodt=0,5&hl=en",164,2020/2/25 19:51,,,,,,,,,17,3.4,4,4,5,"Amazingly, human observers can track four independently moving targets. The present study investigated the neural correlates of multiple-object tracking (MOT). Based on previous work we used a modified MOT-task to which subjects exhibited different behaviors. One half …"
17,"C Wang, X Zhang, Y Li, C Lyu",Additivity of feature-based and symmetry-based grouping effects in multiple object tracking,2016,Frontiers in psychology,frontiersin.org,https://www.frontiersin.org/articles/10.3389/fpsyg.2016.00657,"https://scholar.google.com/scholar?cites=15595449208909557386&as_sdt=2005&sciodt=0,5&hl=en",186,2020/2/25 19:51,HTML,,,,,,,,17,4.25,4,4,4,"Multiple object tracking (MOT) is an attentional process wherein people track several moving targets among several distractors. Symmetry, an important indicator of regularity, is a general spatial pattern observed in natural and artificial scenes. According to the “laws of …"
17,"C Vater, R Kredel, EJ Hossner",Detecting single-target changes in multiple object tracking: The case of peripheral vision,2016,"Attention, Perception, & Psychophysics",Springer,https://link.springer.com/article/10.3758/s13414-016-1078-7,"https://scholar.google.com/scholar?cites=17588220298756584576&as_sdt=2005&sciodt=0,5&hl=en",194,2020/2/25 19:51,HTML,,,,,,,,17,4.25,6,3,4,"In the present study, we investigated whether peripheral vision can be used to monitor multiple moving objects and to detect single-target changes. For this purpose, in Experiment 1, a modified multiple object tracking (MOT) setup with a large projection screen and a …"
17,"HU Kim, CS Kim",CDT: Cooperative detection and tracking for tracing multiple objects in video sequences,2016,European Conference on Computer Vision,Springer,https://link.springer.com/chapter/10.1007/978-3-319-46466-4_51,"https://scholar.google.com/scholar?cites=7205927653524240805&as_sdt=2005&sciodt=0,5&hl=en",257,2020/2/25 19:51,,,,,,,,,17,4.25,9,2,4,"A cooperative detection and model-free tracking algorithm, referred to as CDT, for multiple object tracking is proposed in this work. The proposed CDT algorithm has three components: object detector … 5 draws conclusions. 2 Related Work. 2.1 Multiple Object Tracking …"
17,"EA Bernal, RP Loce, TF Wade, P Paul",System and method for object tracking and timing across multiple camera views,2017,"US Patent 9,641,763",Google Patents,https://patents.google.com/patent/US9641763B2/en,"https://scholar.google.com/scholar?cites=5364140727202163841&as_sdt=2005&sciodt=0,5&hl=en",524,2020/2/25 19:51,,,,,,,,,17,5.67,4,4,3,A system and method for object tracking and timing across multiple camera views includes local and global tracking modules for tracking the location of objects as they traverse particular regions of interest within an area of interest. A local timing module measures the …
17,"T Mahalingam, M Subramoniam","A robust single and multiple moving object detection, tracking and classification",2018,Applied Computing and Informatics,Elsevier,https://www.sciencedirect.com/science/article/pii/S221083271730217X,"https://scholar.google.com/scholar?cites=8922813737064896593&as_sdt=2005&sciodt=0,5&hl=en",590,2020/2/25 19:51,HTML,,,,,,,,17,8.5,9,2,2,"Surveillance is the emerging concept in the current technology, as it plays a vital role in monitoring keen activities at the nooks and corner of the world. Among which moving object identifying and tracking by means of computer vision techniques is the major part in …"
17,"A Rangesh, MM Trivedi",No blind spots: Full-surround multi-object tracking for autonomous vehicles using cameras and lidars,2019,IEEE Transactions on Intelligent …,ieeexplore.ieee.org,https://ieeexplore.ieee.org/abstract/document/8818343/,"https://scholar.google.com/scholar?cites=9878576256571971866&as_sdt=2005&sciodt=0,5&hl=en",632,2020/2/25 19:51,,,,,,,,,17,17,9,2,1,"… Similar to these studies, we formulate the online multi-object tracking problem using Markov Decision Processes (MDPs) proposed in [1], where the lifetime of an object is modeled with a MDP (see Figure 5), and multiple MDPs are assembled for multi-object tracking …"
17,"M Vasic, A Martinoli",A collaborative sensor fusion algorithm for multi-object tracking using a Gaussian mixture probability hypothesis density filter,2015,2015 IEEE 18th International Conference …,ieeexplore.ieee.org,https://ieeexplore.ieee.org/abstract/document/7313179/,"https://scholar.google.com/scholar?cites=3236864531041505372&as_sdt=2005&sciodt=0,5&hl=en",695,2020/2/25 19:51,,,,,,,,,17,3.4,9,2,5,"… Multiple-object tracking problems are concerned with mul- tiple targets and multiple measurements, where the association of measurements with appropriate targets is not known. Filters based on the Global Nearest Neighbor …"
17,"J Xiao, R Stolkin, M Oussalah…",Continuously adaptive data fusion and model relearning for particle filter tracking with multiple features,2016,IEEE Sensors …,ieeexplore.ieee.org,https://ieeexplore.ieee.org/abstract/document/7372388/,"https://scholar.google.com/scholar?cites=15612608302640967860&as_sdt=2005&sciodt=0,5&hl=en",757,2020/2/25 19:51,,,,,,,,,17,4.25,4,4,4,"… Abstract—This paper presents a new method for object tracking in a camera sensor with particle filters. The method enables multiple target and background models, arbitrarily spanning many features or imaging modalities, to be adaptively fused to provide optimal …"
16,"H Sheng, Y Zhang, J Chen, Z Xiong…",Heterogeneous association graph fusion for target association in multiple object tracking,2018,IEEE Transactions on …,ieeexplore.ieee.org,https://ieeexplore.ieee.org/abstract/document/8540450/,"https://scholar.google.com/scholar?cites=6601219938217839161&as_sdt=2005&sciodt=0,5&hl=en",195,2020/2/25 19:51,,,,,,,,,16,8,3,5,2,"Tracking-by-detection is one of the most popular approaches to tracking multiple objects in which the detector plays an important role. Sometimes, detector failures caused by occlusions or various poses are unavoidable and lead to tracking failure. To cope with this …"
16,"K Kim, C Jeong, Y Owechko",System and method to improve object tracking using multiple tracking systems,2017,"US Patent 9,791,541",Google Patents,https://patents.google.com/patent/US9791541B2/en,"https://scholar.google.com/scholar?cites=8552530931184695839&as_sdt=2005&sciodt=0,5&hl=en",515,2020/2/25 19:51,,,,,,,,,16,5.33,5,3,3,A method includes receiving first tracking data and a first confidence value at a tracker selection system from a first tracking system. The method includes receiving second tracking data and a second confidence value at the tracker selection system from a second tracking …
16,"Z Wang, S Yoon, SJ Xie, Y Lu, DS Park",Visual tracking with semi-supervised online weighted multiple instance learning,2016,The Visual Computer,Springer,https://link.springer.com/article/10.1007/s00371-015-1067-1,"https://scholar.google.com/scholar?cites=13455598041175554674&as_sdt=2005&sciodt=0,5&hl=en",692,2020/2/25 19:51,,,,,,,,,16,4,3,5,4,… 5 Conclusion and future work. This paper proposed a semi-supervised online weighted multiple instance learning tracker for single object tracking. The tracker uses a block-based inconsistency function between the labeled …
15,"NM Al-Shakarji, G Seetharaman…",Robust multi-object tracking with semantic color correlation,2017,2017 14th IEEE …,ieeexplore.ieee.org,https://ieeexplore.ieee.org/abstract/document/8078507/,"https://scholar.google.com/scholar?cites=9166036153618128975&as_sdt=2005&sciodt=0,5&hl=en",633,2020/2/25 19:51,,,,,,,,,15,5,5,3,3,"… [9] CR del Blanco, F. Jaureguizar, and N. Garcia. An efficient multiple object detection and tracking framework for auto- matic counting and video surveillance applications … Multiple object tracking under heavy occlusions by us- ing kalman filters based on shape matching …"
15,"L Hou, W Wan, KH Lee, JN Hwang, G Okopal…",Robust human tracking based on DPM constrained multiple-kernel from a moving camera,2017,Journal of Signal …,Springer,https://link.springer.com/article/10.1007/s11265-015-1097-y,"https://scholar.google.com/scholar?cites=9230952202146786041&as_sdt=2005&sciodt=0,5&hl=en",766,2020/2/25 19:51,,,,,,,,,15,5,3,6,3,"… Particle filters with adaptive weighting [12, 13] have also been proposed to handle occlusion issues in multiple-object tracking, while a very high computational complexity cost is required, making it difficult for real-time tracking purpose …"
15,"BN Vo, BT Vo, M Beard",Multi-sensor multi-object tracking with the generalized labeled multi-Bernoulli filter,2019,IEEE Transactions on Signal …,ieeexplore.ieee.org,https://ieeexplore.ieee.org/abstract/document/8861414/,"https://scholar.google.com/scholar?cites=8384013764371397004&as_sdt=2005&sciodt=0,5&hl=en",930,2020/2/25 19:51,,,,,,,,,15,15,5,3,1,"… Using data from multiple sensors, in principle, reduces uncertainty on the number of objects and their states, yielding improved multi-object tracking performance [1]–[4]. For a comprehensive overview of multi-sensor multi-object tracking techniques, we refer the reader to [5] and …"
14,"Z Li, S Gao, K Nai",Robust object tracking based on adaptive templates matching via the fusion of multiple features,2017,Journal of Visual Communication and Image …,Elsevier,https://www.sciencedirect.com/science/article/pii/S1047320317300111,"https://scholar.google.com/scholar?cites=13318491987200453532&as_sdt=2005&sciodt=0,5&hl=en",612,2020/2/25 19:51,,,,,,,,,14,4.67,5,3,3,"Moving object tracking under complex scenes remains to be a challenging problem because the appearance of a target object can be drastically changed due to several factors, such as occlusions, illumination, pose, scale change and deformation. This study proposes an …"
14,"X Cheng, N Li, T Zhou, L Zhou, Z Wu",Object tracking via collaborative multi-task learning and appearance model updating,2015,Applied Soft Computing,Elsevier,https://www.sciencedirect.com/science/article/pii/S1568494615001441,"https://scholar.google.com/scholar?cites=12482604806089308098&as_sdt=2005&sciodt=0,5&hl=en",936,2020/2/25 19:51,,,,,,,,,14,2.8,3,5,5,… Zhang et al. [22] proposed a block-division based covariance feature multiple object tracking algorithm under the sparse representation framework. It was more discriminative and robust for motion objects under the complex situations. Chen et al …
13,"P Bello, W Bridewell, C Wasylyshyn",Attentive and Pre-Attentive Processes in Multiple Object Tracking: A Computational Investigation.,2016,CogSci,researchgate.net,https://www.researchgate.net/profile/Paul_Bello2/publication/309478720_Attentive_and_Pre-Attentive_Processes_in_Multiple_Object_Tracking_A_Computational_Investigation/links/58122ddd08ae8414914a2031/Attentive-and-Pre-Attentive-Processes-in-Multiple-Object-Tracking-A-Computational-Investigation.pdf,"https://scholar.google.com/scholar?cites=8478229089227882293&as_sdt=2005&sciodt=0,5&hl=en",198,2020/2/25 19:51,PDF,,,,,,,,13,3.25,4,3,4,The rich literature on multiple object tracking (MOT) conclusively demonstrates that humans are able to visually track a small number of objects. There is considerably less agreement on what perceptual and cognitive processes are involved. While it is clear that MOT is …
12,"Z Wu, M Betke",Global optimization for coupled detection and data association in multiple object tracking,2016,Computer Vision and Image Understanding,Elsevier,https://www.sciencedirect.com/science/article/pii/S1077314215002167,"https://scholar.google.com/scholar?cites=2586971256287110164&as_sdt=2005&sciodt=0,5&hl=en",213,2020/2/25 19:51,,,,,,,,,12,3,6,2,4,"We present a novel framework for tracking multiple objects imaged from one or more static cameras, where the problems of object detection and data association are expressed by a single objective function. Particularly, we combine a sparsity-driven detector with the …"
12,"P Salvagnini, F Pernici, M Cristani, G Lisanti…",Non-myopic information theoretic sensor management of a single pan–tilt–zoom camera for multiple object detection and tracking,2015,Computer Vision and …,Elsevier,https://www.sciencedirect.com/science/article/pii/S1077314214002392,"https://scholar.google.com/scholar?cites=6461043042546173852&as_sdt=2005&sciodt=0,5&hl=en",246,2020/2/25 19:51,,,,,,,,,12,2.4,2,5,5,"Automatic multiple object tracking with a single pan–tilt–zoom (PTZ) cameras is a hard task, with few approaches in the literature, most of them proposing simplistic scenarios. In this paper, we present a novel PTZ camera management framework in which at each time step …"
12,"H Sheng, J Chen, Y Zhang, W Ke…",Iterative multiple hypothesis tracking with tracklet-level association,2018,IEEE Transactions on …,ieeexplore.ieee.org,https://ieeexplore.ieee.org/abstract/document/8533372/,"https://scholar.google.com/scholar?cites=15536858831144468439&as_sdt=2005&sciodt=0,5&hl=en",392,2020/2/25 19:51,,,,,,,,,12,6,2,5,2,"… set, polynomial-time approximation. I. INTRODUCTION MULTIPLE object tracking estimates the spatio-temporal trajectories of targeted, specific objects in video sequences. It is widely used in a variety of applications such as …"
12,"M Abdechiri, K Faez, H Amindavar",Visual object tracking with online weighted chaotic multiple instance learning,2017,Neurocomputing,Elsevier,https://www.sciencedirect.com/science/article/pii/S0925231217305404,"https://scholar.google.com/scholar?cites=6818203689119212282&as_sdt=2005&sciodt=0,5&hl=en",616,2020/2/25 19:51,,,,,,,,,12,4,4,3,3,"In this paper, a chaotic multiple instance learning tracker based on chaos theory for a robust and efficient online tracking is introduced. In this method, chaotic characteristics can be utilized for representing the target as well as the updating appearance model, which has not …"
12,"SH Lee, MY Kim, SH Bae",Learning discriminative appearance models for online multi-object tracking with appearance discriminability measures,2018,IEEE Access,ieeexplore.ieee.org,https://ieeexplore.ieee.org/abstract/document/8528315/,"https://scholar.google.com/scholar?cites=10658669593448899838&as_sdt=2005&sciodt=0,5&hl=en",725,2020/2/25 19:51,,,,,,,,,12,6,4,3,2,"… ONLINE MULTI-OBJECT TRACKING FRAMEWORK In this work, tracking multiple objects is based on the confidence-based data association [1]: a tracklet with high confidence is locally associated with online provided detec- tions to grow the tracklet sequentially, but a tracklet …"
11,"R Van der Hallen, K Evers, L de-Wit, J Steyaert…",Multiple object tracking reveals object-based grouping interference in children with ASD,2018,Journal of autism and …,Springer,https://link.springer.com/article/10.1007/s10803-015-2463-0,"https://scholar.google.com/scholar?cites=16779318338860511844&as_sdt=2005&sciodt=0,5&hl=en",224,2020/2/25 19:51,,,,,,,,,11,5.5,2,5,2,"The multiple object tracking (MOT) paradigm has proven its value in targeting a number of aspects of visual cognition. This study used MOT to investigate the effect of object-based grouping, both in children with and without autism spectrum disorder (ASD). A modified MOT …"
11,"P Chu, H Fan, CC Tan, H Ling",Online multi-object tracking with instance-aware tracker and dynamic model refreshment,2019,2019 IEEE Winter Conference …,ieeexplore.ieee.org,https://ieeexplore.ieee.org/abstract/document/8658390/,"https://scholar.google.com/scholar?cites=2372108330785874969&as_sdt=2005&sciodt=0,5&hl=en",408,2020/2/25 19:51,,,,,,,,,11,11,3,4,1,"… A popular solution to Multiple Object Tracking (MOT) is the tracking-by-detection strategy, in which, detections from an external detector on each frame are associated and connected to form target trajectories in either online or offline batch mode …"
10,"S Lee, E Kim",Multiple object tracking via feature pyramid siamese networks,2018,IEEE Access,ieeexplore.ieee.org,https://ieeexplore.ieee.org/abstract/document/8587153/,"https://scholar.google.com/scholar?cites=2081345871329606405&as_sdt=2005&sciodt=0,5&hl=en",218,2020/2/25 19:51,,,,,,,,,10,5,5,2,2,"When multiple object tracking (MOT) based on the tracking-by-detection paradigm is implemented, the similarity metric between the current detections and existing tracks plays an essential role. Most of the MOT schemes based on a deep neural network learn the …"
10,"Z Tang, JN Hwang",MOANA: An online learned adaptive appearance model for robust multiple object tracking in 3D,2019,IEEE Access,ieeexplore.ieee.org,https://ieeexplore.ieee.org/abstract/document/8660675/,"https://scholar.google.com/scholar?cites=708205867569883852&as_sdt=2005&sciodt=0,5&hl=en",231,2020/2/25 19:51,,,,,,,,,10,10,5,2,1,"Multiple object tracking has been a challenging field, mainly due to noisy detection sets an identity switch caused by occlusion and similar appearance among nearby targets. Previous works rely on appearance models that are built on an individual or several selected frames …"
7,"X Wang, E Cheng, IS Burnett, Y Huang, D Wlodkowic",Automatic multiple zebrafish larvae tracking in unconstrained microscopic video conditions,2017,Scientific reports,nature.com,https://www.nature.com/articles/s41598-017-17894-x,"https://scholar.google.com/scholar?cites=383451425599842779&as_sdt=2005&sciodt=0,5&hl=en",762,2020/2/25 19:51,HTML,,,,,,,,7,2.33,1,5,3,"… This paper investigates the adaptation of advanced computer vision segmentation techniques and multiple object tracking algorithms to develop an accurate, efficient and reliable multiple zebrafish larvae tracking system. The …"
4,"G Ciaparrone, FL Sánchez, S Tabik, L Troiano…",Deep learning in video multi-object tracking: A survey,2020,Neurocomputing,Elsevier,https://www.sciencedirect.com/science/article/pii/S0925231219315966,"https://scholar.google.com/scholar?cites=15824340644606765461&as_sdt=2005&sciodt=0,5&hl=en",597,2020/2/25 19:51,,,,,,,,,4,4,1,5,1,"… Abstract. The problem of Multiple Object Tracking (MOT) consists in following the trajectory of different objects in a sequence, usually a video … Keywords. Multiple object tracking. Deep learning. Video tracking. Convolutional neural networks. LSTM. Reinforcement learning …"
4,"Y Ma, Y Liu, S Liu, Z Zhang",Multiple object detection and tracking in complex background,2017,International Journal of Pattern …,World Scientific,https://www.worldscientific.com/doi/abs/10.1142/S0218001417550035,"https://scholar.google.com/scholar?cites=1632128188497180889&as_sdt=2005&sciodt=0,5&hl=en",625,2020/2/25 19:51,,,,,,,,,4,1.33,1,4,3,"Multiple object tracking is a fundamental step for many computer vision applications. However, detecting and tracking objects in complex background is still a challenging task. This paper proposes an approach, which combines an improved Gaussian mixture …"
349,"A Bewley, Z Ge, L Ott, F Ramos…",Simple online and realtime tracking,2016,2016 IEEE International …,ieeexplore.ieee.org,https://ieeexplore.ieee.org/abstract/document/7533003/,"https://scholar.google.com/scholar?cites=12359245152370668864&as_sdt=2005&sciodt=0,5&hl=en",214,2020/2/25 19:51,,,,,,,,,349,87.25,70,5,4,"… Computer Vision and Pattern Recognition. 2009, IEEE. [25] K. Bernardin and R. Stiefelhagen, “Evaluating Multiple Object Tracking Performance: The CLEAR MOT Met- rics,” Image and Video Processing, , no. May, 2008. 3468"
252,"N Wojke, A Bewley, D Paulus",Simple online and realtime tracking with a deep association metric,2017,2017 IEEE international …,ieeexplore.ieee.org,https://ieeexplore.ieee.org/abstract/document/8296962/,"https://scholar.google.com/scholar?cites=12926912115431418259&as_sdt=2005&sciodt=0,5&hl=en",123,2020/2/25 19:51,,,,,,,,,252,84,84,3,3,"… Simple Online and Realtime Tracking (SORT) is a pragmatic approach to multiple object tracking with a focus on simple, effective algorithms … Due to recent progress in object detection, tracking-by- detection has become the leading paradigm in multiple object tracking …"
